primer_id	primer_set	sequence
POLDIP2.primer_left_0	inner	ATTGTGCTGCATCTTGCCCCA
RBM6.primer_left_0	inner	AGCCTCAGGAAGAACCAGCAA
POLR2J.primer_left_0	inner	TGACCCTCCGCTCCAGGTAC
RHBDD2.primer_left_0	inner	TGCCGTGCTCGTGGTTTCAG
TMEM98.primer_left_0	inner	TGAGGCGTCTGGGTCTCTCC
RPUSD1.primer_left_0	inner	AGCACCAACCTGCTGCAGTC
TSR3.primer_left_0	inner	GCTGGCAGGACTGAGCTGTC
UQCRC1.primer_left_0	inner	TTCTGGCTGCGCTTCTAGGC
BRCA1.primer_left_0	inner	TAGCCGGTCATGGTGGTGGA
SLC25A39.primer_left_0	inner	AGCTGCCCCCTTCGTGTTTC
SEC63.primer_left_0	inner	ACTGTATGTTTTCTGATACTGGTGGCT
BCLAF1.primer_left_0	inner	TGTCACAGGTAAAATCAGTGTTGGGA
GRN.primer_left_0	inner	CTCCCCGTTTCAGTGGACCC
TMSB10.primer_left_0	inner	CCCCCAATCGGACTGCCAAA
CAPG.primer_left_0	inner	CATGCAGTACGCCCCGAACA
GOPC.primer_left_0	inner	TGGTTGGCCTCAAATCTATTGCA
CYBA.primer_left_0	inner	CGCAGATCGGAGGCACCATC
ATG5.primer_left_0	inner	ACAGTAAACCCATCTTTCCTTAACGA
GPBP1.primer_left_0	inner	CAGATGACGACGATGTGTGAAGGA
VMP1.primer_left_0	inner	TGCATTGCACACCCTCTGGG
HAGH.primer_left_0	inner	TCAAGATGCCCCGGGACTGA
SLC9A3R2.primer_left_0	inner	CGGGGCCTGCTGACTGAAAG
NTHL1.primer_left_0	inner	CCTGCCTCAACCAAGCCCTC
RHOA.primer_left_0	inner	GGAGCCACCAGTTCTCATGGG
IP6K2.primer_left_0	inner	GAGCTGATGTGCAGTGGCCT
ERLEC1.primer_left_0	inner	TGCTGTCTATCCCTTGTACTTGCC
MRPS34.primer_left_0	inner	TCACCTTCCGCGACGTGTTC
TRAF4.primer_left_0	inner	AGAGCCATAAGGGGGTGGGA
ICAM3.primer_left_0	inner	CCCTCACGTCTATGCAGCCG
DNM2.primer_left_0	inner	GGGCTATGTGGGTGGTGGTG
SEH1L.primer_left_0	inner	AGTTGGGAGGAGGGGAATACCA
MRPL28.primer_left_0	inner	TGGTTTCGTGTGCTGCCCAT
HBQ1.primer_left_0	inner	AGGCGTCGCTGGACAAGTTC
TRIP6.primer_left_0	inner	CGCATCCAGGAGCTCTCAGC
SRRT.primer_left_0	inner	TTTTGAGCCGTCCCCCGTTC
SF3B2.primer_left_0	inner	AGGTCCCCTCACACTAGCCC
TMEM101.primer_left_0	inner	GACCCTGTTCTGCTCTGGGC
HECTD1.primer_left_0	inner	TGCAAGGCACACTTACAGCGA
NUBP2.primer_left_0	inner	CACCCTGGGTCGCTGTCATC
PSMD8.primer_left_0	inner	GGTCATCGAGTATGCCCGGC
HNRNPM.primer_left_0	inner	TGACTGGGGTTCCATTTGACTGT
CDC34.primer_left_0	inner	GGGCCGTTTCCTGACACTACC
RASSF7.primer_left_0	inner	GGAACTTGCCAGGCCCCAAA
COCH.primer_left_0	inner	AGCCGCTGCCTTCTGGTTAC
CDKN3.primer_left_0	inner	AGCCATAGACAGCCTGCGAG
CNIH1.primer_left_0	inner	TGCTTACTGTTCTAATCTGGTGGT
CCNB1IP1.primer_left_0	inner	GGAGGTTGAGGCTGGGAGGA
ARHGAP5.primer_left_0	inner	TCTTGGGGAACACATTTAGTATAGTGT
RAE1.primer_left_0	inner	GCGACTTGCCGTCTCTCCAT
RNMT.primer_left_0	inner	AGTTCTGTCTGGTTTGGGGAGAT
PLP2.primer_left_0	inner	CTGACTGAACCATGCCCCCA
PIM2.primer_left_0	inner	GTTTGTTCTCCTGGGGCGCT
GATA1.primer_left_0	inner	GGTGCTGTCAGGGCCTGTTA
NME3.primer_left_0	inner	CCTTTGGACGGGCTGCTGAA
NME4.primer_left_0	inner	ACCCCAGCCCAGAGGAGTTT
HAGHL.primer_left_0	inner	GTCCCTCCTCGTGACCTCGG
FAM173A.primer_left_0	inner	AGGGCCTGGACCGAGTATGG
METRN.primer_left_0	inner	TGCCCCACGATTCCAGGAGT
STUB1.primer_left_0	inner	TTTTGCTGGGCCGTGATCGT
UBE2I.primer_left_0	inner	GCTTCTCACCGTGCAGAGCT
PIEZO1.primer_left_0	inner	GCTGTGATGCATCCTCCCGG
KNOP1.primer_left_0	inner	GCGGAAGAGCCCCAGAGAAC
UBR5.primer_left_0	inner	ACTCAGCCTGGGCACTTTCTG
TSTA3.primer_left_0	inner	ATTCCATCCGCTCTGCAGCC
EEF1D.primer_left_0	inner	GAGCACGTGCAGAGTGTCGA
ECH1.primer_left_0	inner	AGGGAGGATGGGCGATGACA
LYL1.primer_left_0	inner	GAAAGGGCAGTGGACGTGCT
RPS16.primer_left_0	inner	GTAGCTGACCCTCGTCGCTG
MRPL4.primer_left_0	inner	ATTGGGAAGGGGCGACTCCA
ICAM4.primer_left_0	inner	ACCTGTGGTCCCAGCTACCC
DNASE2.primer_left_0	inner	GCACGCGTCTGTGGTCCTAG
TFR2.primer_left_0	inner	AGTGGGAGAGATCGCTGGCA
MOSPD3.primer_left_0	inner	GGGTCTTGAGGCAGCCACTG
AP1S1.primer_left_0	inner	GTTGGGGGAAGGGCAAGCTT
ZNHIT1.primer_left_0	inner	GAGGAGCCGCTCATTCACCC
SMC3.primer_left_0	inner	ACAACTTTTTGTAAAATGTTCTGCTCC
PPIF.primer_left_0	inner	GGCCTGTAAGCTCCTGTGCTC
NUFIP2.primer_left_0	inner	TCTGTGTGAGCTATGATCCAAGT
UBTF.primer_left_0	inner	CTGCCTGGACCCGTTCATGG
CBX1.primer_left_0	inner	GCTCTGTCTTGAGTCATGAGAACCA
GALK1.primer_left_0	inner	CATCCAGGAGCACTACGGCG
VAT1.primer_left_0	inner	GAGGTGGAGGGACAGGCTCA
EFTUD2.primer_left_0	inner	CCCAGAGCCCCAGTGAGAGA
WSB1.primer_left_0	inner	TGGTGAGTTGCCAAAGAAGCA
IFT20.primer_left_0	inner	TGGCCCTGCAGTGTACGTTC
TMEM97.primer_left_0	inner	AGCCAGTGGTTTCAAGGGACAA
GRPEL1.primer_left_0	inner	AGCTTGGCTTGGCAAAGTTCC
HTATIP2.primer_left_0	inner	CCTGATGCCACTGGTTCCGA
AIP.primer_left_0	inner	GAGGACAAAGCCCGGTTCCG
ASF1A.primer_left_0	inner	GCATGTGACCACCTACCATCCC
MAN1A1.primer_left_0	inner	TGGCAGTTTACAGAACTCAATGACT
SNX3.primer_left_0	inner	GGAGCACTACACCATTGGTTTCCA
HBS1L.primer_left_0	inner	AGCTGTTCCTTTGAAAGCCAAGA
RAD50.primer_left_0	inner	GCAGTGTTAGCTCCCTGGGAT
PRKAR2A.primer_left_0	inner	ACGTGATCAATTCTTGCTCTGTGGT
TUSC2.primer_left_0	inner	TGTGGGAAATGGCTTGGGGAG
RTN4.primer_left_0	inner	TGCTTCCAAAAATGTTGTTTGTTTGCA
CEP104.primer_left_0	inner	TGCACATCGGTCTCTGCCAC
CTSD.primer_left_0	inner	CCACCTTGTTGGAGCCTGCA
MYB.primer_left_0	inner	TGATGCAAGATGGCCAGCACT
VAMP8.primer_left_0	inner	GGTACCTTGGTCCCCCGGAA
SPOP.primer_left_0	inner	TGAGTGTTCTGATGTGGTGGC
SLC35B1.primer_left_0	inner	GGGCACTGTGCTTGTGTTCCT
NAA50.primer_left_0	inner	CCATGGTGTGGTGGTGGAAAAGA
TMEM54.primer_left_0	inner	ATGGCCACTAGGACCCTGCA
NFE2.primer_left_0	inner	CCCCAACCCTGAGTCCCAGA
DTD1.primer_left_0	inner	GGGCCCGTGTTGAAGTGTCA
MAX.primer_left_0	inner	TCCGTTCCTGGCATTTGCTGA
ROMO1.primer_left_0	inner	CCAAGCTGCTTCGACCGTGT
KTN1.primer_left_0	inner	TGGGAAGTAACTGCCTCTGACT
PIN1.primer_left_0	inner	GGCCACGCTCCTCTGTTCAG
GFER.primer_left_0	inner	TGGGCAAGCCTGACTTCGAC
SYNGR3.primer_left_0	inner	TCAGACAGACACCTCCCTCTGG
TPST2.primer_left_0	inner	CCCTCAGTGTGAAGCAGCTCT
PRKRIP1.primer_left_0	inner	GCCTTGCAGACACCATCCGT
MRPS12.primer_left_0	inner	GTGCCCCTCTGTCAACACCC
PSMG2.primer_left_0	inner	GTCTTCCCCCTGCACTTTTCTGA
PHF20L1.primer_left_0	inner	ACCCCTTTTCCTAACACTCATCTT
QRSL1.primer_left_0	inner	GTGGCGGGCATCTGTAGTCC
ACTN4.primer_left_0	inner	CTGGCTGCCTGGTGGTTGAT
LRRC47.primer_left_0	inner	TGCCACGTAACAGCGTCTGG
PPAN.primer_left_0	inner	GCTGGATTGAACGCCCCAGA
EIF3G.primer_left_0	inner	TGTCCGGCTTTGGCTACGAC
DNMT1.primer_left_0	inner	TGTTTGTGGCCTTGGCTGACA
MRPS25.primer_left_0	inner	GGCTGGGGTGATGGTGTCTG
RPL27.primer_left_0	inner	TTAAACGCAAGGCCCGACGG
TRAF7.primer_left_0	inner	CAGCCTGGGCCTCTAACAGC
NUP210.primer_left_0	inner	CGTGGACGCTGTGTGGAGAG
RRP8.primer_left_0	inner	GCGCAGGTGACCTCTGGATC
TIMM10B.primer_left_0	inner	GCACTGCCTCCTTGGGAAGTT
PTCD3.primer_left_0	inner	AACACAGTTGGGGTTGGGTCA
IMMT.primer_left_0	inner	CAGTGAACGCCAGGAGTGCT
MRPL35.primer_left_0	inner	GGAAGAGGCGAAACTGGTACGT
SDF2.primer_left_0	inner	CCAGACTTGCGTGGGTCAGT
KHDC4.primer_left_0	inner	AGGAGCTAGTCTGCTGAACCAG
RBM38.primer_left_0	inner	GGTCTCCCTCCGGACCTACC
FAM104A.primer_left_0	inner	TGTCCCATTCAGACTGATTTCCA
LRRCC1.primer_left_0	inner	TGTAGCCAAAAAGCATTTGAAATCTGT
CDC73.primer_left_0	inner	TGATTGAACTGTTCAGCCTTTTCA
CD164.primer_left_0	inner	ACCTTACAGATATTTGTTGCACAGGC
AHI1.primer_left_0	inner	TGAAGCCTACAGCCATCCGC
KCNK1.primer_left_0	inner	TGGTTTAGGTCACCAGATCCTAGTGT
NTPCR.primer_left_0	inner	AGGGGAAGCGGGAGGAAAGA
ZDHHC4.primer_left_0	inner	TCACTCCCATGGGCTTCGGA
TBRG4.primer_left_0	inner	CATGGACTGCGTGCCTCTCC
CALCOCO2.primer_left_0	inner	TGTTAGCAACTATGGGTTTGCAGT
MYC.primer_left_0	inner	AGCTACGGAACTCTTGTGCGT
PIM1.primer_left_0	inner	GGAGGGGCATTGCTGACTGT
KIF20B.primer_left_0	inner	CCCTGCAACCGTCAGTACCC
RHOT2.primer_left_0	inner	CCCCCTCAAGTTTGGAGCCG
NDUFB10.primer_left_0	inner	GGAGCAGTTCACCCAGGTGG
CLTC.primer_left_0	inner	ACCAAGTGACACCGAGGTTTT
AFG3L2.primer_left_0	inner	CAGTTCCCCTGTGCAGATGGG
SCYL1.primer_left_0	inner	AAGCTGGACTGAACCGTGGC
JTB.primer_left_0	inner	GTCCGGAAGCAAATCGAGTCCA
RAB13.primer_left_0	inner	GGGTCCTGCAAAAGGCTAGCT
TPM3.primer_left_0	inner	TGTGGTCTCTTTGGGGCCGA
SNAPIN.primer_left_0	inner	TTTGGAGGGGGCAGGCAAAG
SLC39A1.primer_left_0	inner	GGGAGGGAGGGCTGTGCATA
ILF2.primer_left_0	inner	AGCTGCCAGTCTCCCATTTGT
ATG3.primer_left_0	inner	ACCCATAGATGTGACCATTGACCA
FAM83A.primer_left_0	inner	CTCCCTAGTCCCCTCTGCCC
SLC39A4.primer_left_0	inner	GCTGCTGTCCCTGTACGAGG
RPP30.primer_left_0	inner	ACCTCGGCCATCAGAAGGAGAT
MKI67.primer_left_0	inner	AACACTGAGCAGGCACTCGG
FADS1.primer_left_0	inner	AGGAAAAGCTGCCTCTGGTCAA
NUS1.primer_left_0	inner	AGCTCCCTCCTCCTGTGTGAT
AZIN1.primer_left_0	inner	GGTGCAACTTTGAGTCCTTGGC
ATP6V1C1.primer_left_0	inner	TGTGCACAAAAGCCCTGTTCA
NSMCE2.primer_left_0	inner	CCAGCAGCCTACCTCCTACC
MRPL17.primer_left_0	inner	ATCGGAGTTTGGATCGGGCC
ZC3H18.primer_left_0	inner	AACCTCGCGAACCACTGGTG
ALAS2.primer_left_0	inner	ACCTGCGCTTCACTTGGGTC
RNF166.primer_left_0	inner	TCAAAGCTGACTGTGCCCCG
EPB41.primer_left_0	inner	AGGAACTCGGGCAGCAGAATC
MRPL10.primer_left_0	inner	GCTCTGAAGACCGCGTCCTG
ATP5MC1.primer_left_0	inner	TGCCAGGAACCCGTCTCTCA
SNF8.primer_left_0	inner	TGCTGAAGGAAGGGTTGGCG
IGF2BP1.primer_left_0	inner	GGAGTTCCACTGGGCGATCC
TMEM69.primer_left_0	inner	AGCAAAAGCTTGAAAATCCCTGACA
NDUFV3.primer_left_0	inner	ATGCCTCAGCCCTCCTCAGG
CBS.primer_left_0	inner	CTCCCGTCTTCCTCCTCCCC
U2AF1.primer_left_0	inner	GACAGGAGGCGGTCGAGAGA
RRP1B.primer_left_0	inner	GGCCTCCATTGCAGCAGGAA
PDXK.primer_left_0	inner	CTCTGCAAGGTTCGGGGGTG
CSTB.primer_left_0	inner	CCGTCTACCAGAGCGTGCAC
RRP1.primer_left_0	inner	AAGGGCGGCACTGGAGAGAT
GATD3A.primer_left_0	inner	CTCAGCCCCCAGGATTGACC
CHTOP.primer_left_0	inner	ACGAACTGCTGGAAGAGGTCAG
LY6E.primer_left_0	inner	CACTTCCGGGTCTAGGCCCT
VPS28.primer_left_0	inner	AGGGCAGAGTCTGAGGCGAT
LSM12.primer_left_0	inner	GGCTAGAGCTTTGGGGGTGG
MEIOB.primer_left_0	inner	GGAGGTGGTCTGGGTGAGTCT
ATP1A1.primer_left_0	inner	AGGAACACCCGGAAAGACTGA
WDR43.primer_left_0	inner	AGCAAGTTTGAACCAGCTGCT
SHISA5.primer_left_0	inner	CCCCAGTCCACGGTGTTCTG
RPUSD4.primer_left_0	inner	GGTTGGCATTTTCGCTGCGT
ILK.primer_left_0	inner	TGGTTGGGGGAATGCACCTC
TMEM41B.primer_left_0	inner	ACAAGCATCTGTGGTGCGGAG
PHB.primer_left_0	inner	ATCGCGTACCAGCTCTCACG
MVD.primer_left_0	inner	CCACCAAGTGCCTCGGATGG
CDT1.primer_left_0	inner	GTCCAGCTACGCCCCATGTC
TRAPPC2L.primer_left_0	inner	CTGAGTGAGCTGTGCTGCCA
ANKRD11.primer_left_0	inner	CCTGGAGGCGGATGCTTACG
PPP1R14A.primer_left_0	inner	ATCCAGGAGCTGCTGGCAAA
YIF1B.primer_left_0	inner	GCCGCCGAACTCATCTCCTG
CDK2AP2.primer_left_0	inner	CAGTGTTGCCCACCGGAACT
ECI1.primer_left_0	inner	GCCATGATGCGAAAGGCCAC
NUDT16L1.primer_left_0	inner	GTGGCTTGGTTCCCAGGGAC
MAPK1IP1L.primer_left_0	inner	AGGTTTTATCACCTGCTGCTGTAT
POLR2J3.primer_left_0	inner	CCCAGCCACGCTTCCTGTAC
IRF2BP2.primer_left_0	inner	GGCCCCACCTCTCAAAATATTTTTAG
COA6.primer_left_0	inner	ACAACTGCAAAATCCTAGGCTGT
USP39.primer_left_0	inner	AGCCTTGGGATTCTTGGAGCA
TNIP2.primer_left_0	inner	GGCTGCACGTCACACTAGGG
TMEM150A.primer_left_0	inner	GCACGCCTTAGCCTACGGAA
RNF181.primer_left_0	inner	CAGCAGCAACACCGACTGGA
MAT2A.primer_left_0	inner	GCTCCTGACCAGTTGCAGTCA
COMMD5.primer_left_0	inner	TCTTTGGTGCTGGACGTGGC
HOXB9.primer_left_0	inner	GCTTTGTCGGTGGCTGTCGT
TMEM126A.primer_left_0	inner	CAGCTCTGTTACCACACAAAGGGA
JUNB.primer_left_0	inner	TCCCCTCTCTGCACCGTACT
QARS.primer_left_0	inner	CCGTGGATCCAGACAGCCATC
POP7.primer_left_0	inner	GGACCTCGGACCAGAGCCAT
GNB2.primer_left_0	inner	AGCAGGAGGCCCTCATCCTT
FIBP.primer_left_0	inner	TCCCTCGATGGCTTCCGACA
PPP1CA.primer_left_0	inner	ATAGCAGCGTCCAGTCCCCC
TMEM134.primer_left_0	inner	TCAGGAAGTTCGGGGCATGC
CORO1B.primer_left_0	inner	CCACTCAGCTTCTGCCAGCG
CFL1.primer_left_0	inner	ATCCCCATTCCCCACCTGGT
RNASEH2C.primer_left_0	inner	GAGTCTGGGCGCCTTAGAGC
NAA20.primer_left_0	inner	GCCTGAGAACCACTGCTGCAT
SSSCA1.primer_left_0	inner	GCTCCTGCTGTGCCTCCAAA
HOXB2.primer_left_0	inner	TCCGTTTGGTAGACTCCTTCCA
C16orf91.primer_left_0	inner	CACTGTATGCTGTTGGATTTGCC
CTU2.primer_left_0	inner	TGCAGGAGATCCGGGACTGT
MRPL11.primer_left_0	inner	GACCCTTGCCCCACCAACTC
AKIRIN1.primer_left_0	inner	ACAGTTGTTGTGATCAGATGGCT
BRMS1.primer_left_0	inner	TGTTGGATGCAGGCTGTCCG
YIF1A.primer_left_0	inner	CAGCCTTCCAGCCCCTCATC
RAB1B.primer_left_0	inner	CCCAGGTTCCCCTCTGGTGT
BANF1.primer_left_0	inner	CTGAATGGATTCCCGGCCCC
PTPN2.primer_left_0	inner	CCAGGGGATGAAGAGCACCC
POLD4.primer_left_0	inner	CTGGGGAAAAGGACCTGGCC
DRAP1.primer_left_0	inner	GACACCCTTCCTGCCCTTCG
CCDC85B.primer_left_0	inner	CTGACACCAAGAAGGGCCCC
RPS6KB2.primer_left_0	inner	TAGCCCTTGAGCCCTGTCCC
TUBB6.primer_left_0	inner	CAGTGCAACGATCCCTGCCA
KCMF1.primer_left_0	inner	GCAGTGCAGGGGTGATCTCTG
C8orf59.primer_left_0	inner	CCTCAGCAGCGTCATGAAAGC
FAM89B.primer_left_0	inner	CCAATAACCACCCACGGCCA
FAM210A.primer_left_0	inner	TGTACGTAAATGAAAAATGGACCCTT
ARIH2.primer_left_0	inner	GGAAGATGGGAAAGGTCAGGCA
IMPDH2.primer_left_0	inner	GGTGCCAAGAGCTTGACCCA
NDUFAF3.primer_left_0	inner	AGCTGCTCAATGAACCGCCA
GRINA.primer_left_0	inner	CCAAGAGGTGAGGGTGCACG
EXOSC4.primer_left_0	inner	AGCCTCAGGACAGATTGCGC
EIF3K.primer_left_0	inner	ATGCTCGGGGATCTGTCGGA
CYC1.primer_left_0	inner	TCTGCTTGCCATCCTGCCAG
FARSA.primer_left_0	inner	CTGCTGCGCTCCTTTGCATC
SHARPIN.primer_left_0	inner	GCCCTTCCCTCACAAGTCCG
MAF1.primer_left_0	inner	CAAAGGGTCTGTGGCCGGAG
PUF60.primer_left_0	inner	CAATGGCCGCTGGTTTGCTG
RWDD4.primer_left_0	inner	AGGGGTTCTGGTGATGGTGGT
HOXB4.primer_left_0	inner	CCAGGCCCCTTCCTACCTCT
PTTG1IP.primer_left_0	inner	CAGCCCTTGCGCTCAGTGTA
TOP1MT.primer_left_0	inner	AACACAGCGGGAGAGGTTCG
UBE2G2.primer_left_0	inner	CTGGAGGGGCACACAATTGC
SUMO3.primer_left_0	inner	TATGGGCTCGGGTGGGATGT
HSF1.primer_left_0	inner	TCCTGTGGTTTGGTTGGGGC
RAB11B.primer_left_0	inner	GCCAAACCCCAGCTCTCGAT
SLC52A2.primer_left_0	inner	GCACACCGGTACACTCGTGG
KLHDC8B.primer_left_0	inner	CGGAGCGCAGGAGTTCAAGT
CYHR1.primer_left_0	inner	CCGAAGAGGAGACGGTGCAC
MORN2.primer_left_0	inner	ACAGCTGCTCCAGACCTGAAA
TUBB4B.primer_left_0	inner	GAGGGCGAGTTCGAGGAGGA
HBA2.primer_left_0	inner	TGGCTTCTGTGAGCACCGTG
UROS.primer_left_0	inner	GAGCTGCTGCCGTCAGACTC
S100A13.primer_left_0	inner	GGGGAGCTGGCCAAGGAAAT
POM121.primer_left_0	inner	GGTGTGCGTTCTGGTGCTGA
STRN3.primer_left_0	inner	TCAGTTTGCGAGTTTTGATGAGT
GPAA1.primer_left_0	inner	GCTGGAGCACCACACCTACG
S100A6.primer_left_0	inner	TGGGGGCCTTGGCTTTGATC
SVIP.primer_left_0	inner	TCTGCAATCAAGTGGGCTTCATCA
UBL5.primer_left_0	inner	GACCACGTGTCTCTGGGGGA
CALM1.primer_left_0	inner	CATGACTTGGAGCCGGCAGA
CTR9.primer_left_0	inner	AAGGTTTGACTGAAACTGTGGCA
MSRB1.primer_left_0	inner	TAGGAAAGCGGCTGTTGCTCC
APRT.primer_left_0	inner	TTGGGCAACTGCAGTGACCA
OXLD1.primer_left_0	inner	ATGGAGATCCGGCTGCACAC
NAP1L4.primer_left_0	inner	GGTTTGGTGTGACCGCTTGG
JPT2.primer_left_0	inner	ACTCGGGAGGCTGAGTGAGG
C8orf82.primer_left_0	inner	CCAAGGGCCCAGATAACGCC
FIS1.primer_left_0	inner	CCTGTCCATCCTCGCTGTCC
IFRD2.primer_left_0	inner	TCCCCCAGGATGACCCACTC
HBD.primer_left_0	inner	TGCCTTTAGTGATGGCCTGGC
CCDC26.primer_left_0	inner	AGCAGTGTGAAGTTCCTGGCA
TMA7.primer_left_0	inner	GCTGTTCCTTGTGCCTGAGGA
SMIM26.primer_left_0	inner	TGGACTGGTGGCCCTGGTAC
SMIM1.primer_left_0	inner	CAGAAGAGGCCTCACGCTGC
RBM14.primer_left_0	inner	TAGCTGATGGTGAGCGGCAC
CUX1.primer_left_0	inner	CTGTGGACCACCCTAGCACG
HOXB7.primer_left_0	inner	CTACCACTCGCGTGTTCCCC